p,guid,first_seen
10,http://www.tsujileaks.com/?p=10,2026-08-18
41,http://www.tsujileaks.com/?p=41,2026-08-18
73,http://www.tsujileaks.com/?p=73,2026-08-18
114,http://www.tsujileaks.com/?p=114,2026-08-18
131,http://www.tsujileaks.com/?p=131,2026-08-18
152,http://www.tsujileaks.com/?p=152,2026-08-18
162,http://www.tsujileaks.com/?p=162,2026-08-18
174,http://www.tsujileaks.com/?p=174,2026-08-18
196,http://www.tsujileaks.com/?p=196,2026-08-18
204,http://www.tsujileaks.com/?p=204,2026-08-18
223,http://www.tsujileaks.com/?p=223,2026-08-18
266,http://www.tsujileaks.com/?p=266,2026-08-18
281,http://www.tsujileaks.com/?p=281,2026-08-18
300,http://www.tsujileaks.com/?p=300,2026-08-18
309,http://www.tsujileaks.com/?p=309,2026-08-18
315,http://www.tsujileaks.com/?p=315,2026-08-18
329,http://www.tsujileaks.com/?p=329,2026-08-18
333,http://www.tsujileaks.com/?p=333,2026-08-18
339,http://www.tsujileaks.com/?p=339,2026-08-18
344,http://www.tsujileaks.com/?p=344,2026-08-18
348,http://www.tsujileaks.com/?p=348,2026-08-18
367,http://www.tsujileaks.com/?p=367,2026-08-18
372,http://www.tsujileaks.com/?p=372,2026-08-18
381,http://www.tsujileaks.com/?p=381,2026-08-18
395,http://www.tsujileaks.com/?p=395,2026-08-18
400,http://www.tsujileaks.com/?p=400,2026-08-18
426,http://www.tsujileaks.com/?p=426,2026-08-18
431,http://www.tsujileaks.com/?p=431,2026-08-18
435,http://www.tsujileaks.com/?p=435,2026-08-18
441,http://www.tsujileaks.com/?p=441,2026-08-18
445,http://www.tsujileaks.com/?p=445,2026-08-18
448,http://www.tsujileaks.com/?p=448,2026-08-18
450,http://www.tsujileaks.com/?p=450,2026-08-18
455,http://www.tsujileaks.com/?p=455,2026-08-18
457,http://www.tsujileaks.com/?p=457,2026-08-18
460,http://www.tsujileaks.com/?p=460,2026-08-18
465,http://www.tsujileaks.com/?p=465,2026-08-18
469,http://www.tsujileaks.com/?p=469,2026-08-18
474,http://www.tsujileaks.com/?p=474,2026-08-18
480,http://www.tsujileaks.com/?p=480,2026-08-18
484,http://www.tsujileaks.com/?p=484,2026-08-18
488,http://www.tsujileaks.com/?p=488,2026-08-18
491,http://www.tsujileaks.com/?p=491,2026-08-13
495,http://www.tsujileaks.com/?p=495,2026-08-13
498,http://www.tsujileaks.com/?p=498,2026-08-13
503,http://www.tsujileaks.com/?p=503,2026-08-13
507,http://www.tsujileaks.com/?p=507,2026-08-13
510,http://www.tsujileaks.com/?p=510,2026-08-13
515,http://www.tsujileaks.com/?p=515,2026-08-13
518,http://www.tsujileaks.com/?p=518,2026-08-13
523,http://www.tsujileaks.com/?p=523,2026-08-13
526,http://www.tsujileaks.com/?p=526,2026-08-13
528,http://www.tsujileaks.com/?p=528,2026-08-13
531,http://www.tsujileaks.com/?p=531,2026-08-13
535,http://www.tsujileaks.com/?p=535,2026-08-13
539,http://www.tsujileaks.com/?p=539,2026-08-13
553,http://www.tsujileaks.com/?p=553,2026-08-13
556,http://www.tsujileaks.com/?p=556,2026-08-13
561,http://www.tsujileaks.com/?p=561,2026-08-13
563,http://www.tsujileaks.com/?p=563,2026-08-13
566,http://www.tsujileaks.com/?p=566,2026-08-13
570,http://www.tsujileaks.com/?p=570,2026-08-13
576,http://www.tsujileaks.com/?p=576,2026-08-13
580,http://www.tsujileaks.com/?p=580,2026-08-13
584,http://www.tsujileaks.com/?p=584,2026-08-13
589,http://www.tsujileaks.com/?p=589,2026-08-13
594,http://www.tsujileaks.com/?p=594,2026-08-13
599,http://www.tsujileaks.com/?p=599,2026-08-13
602,http://www.tsujileaks.com/?p=602,2026-08-13
605,http://www.tsujileaks.com/?p=605,2026-08-13
608,http://www.tsujileaks.com/?p=608,2026-08-13
611,http://www.tsujileaks.com/?p=611,2026-08-13
616,http://www.tsujileaks.com/?p=616,2026-08-13
618,http://www.tsujileaks.com/?p=618,2026-08-13
621,http://www.tsujileaks.com/?p=621,2026-08-13
625,http://www.tsujileaks.com/?p=625,2026-08-13
629,http://www.tsujileaks.com/?p=629,2026-08-13
632,http://www.tsujileaks.com/?p=632,2026-08-13
642,http://www.tsujileaks.com/?p=642,2026-08-13
648,http://www.tsujileaks.com/?p=648,2026-08-13
653,http://www.tsujileaks.com/?p=653,2026-08-13
662,http://www.tsujileaks.com/?p=662,2026-08-13
672,http://www.tsujileaks.com/?p=672,2026-08-13
676,http://www.tsujileaks.com/?p=676,2026-08-13
687,http://www.tsujileaks.com/?p=687,2026-08-13
696,http://www.tsujileaks.com/?p=696,2026-08-13
704,http://www.tsujileaks.com/?p=704,2026-08-13
712,http://www.tsujileaks.com/?p=712,2026-08-13
720,http://www.tsujileaks.com/?p=720,2026-08-13
730,http://www.tsujileaks.com/?p=730,2026-08-13
738,http://www.tsujileaks.com/?p=738,2026-08-13
745,http://www.tsujileaks.com/?p=745,2026-08-13
752,http://www.tsujileaks.com/?p=752,2026-08-13
760,http://www.tsujileaks.com/?p=760,2026-08-13
766,http://www.tsujileaks.com/?p=766,2026-08-13
769,http://www.tsujileaks.com/?p=769,2026-08-13
775,http://www.tsujileaks.com/?p=775,2026-08-13
780,http://www.tsujileaks.com/?p=780,2026-08-13
785,http://www.tsujileaks.com/?p=785,2026-08-13
793,http://www.tsujileaks.com/?p=793,2026-08-13
800,http://www.tsujileaks.com/?p=800,2026-08-13
804,http://www.tsujileaks.com/?p=804,2026-08-13
810,http://www.tsujileaks.com/?p=810,2026-08-13
816,http://www.tsujileaks.com/?p=816,2026-08-13
821,http://www.tsujileaks.com/?p=821,2026-08-13
827,http://www.tsujileaks.com/?p=827,2026-08-13
834,http://www.tsujileaks.com/?p=834,2026-08-13
839,http://www.tsujileaks.com/?p=839,2026-08-13
847,https://www.tsujileaks.com/?p=847,2026-08-13
868,https://www.tsujileaks.com/?p=868,2026-08-13
875,https://www.tsujileaks.com/?p=875,2026-08-13
884,https://www.tsujileaks.com/?p=884,2026-08-13
892,https://www.tsujileaks.com/?p=892,2026-08-13
895,https://www.tsujileaks.com/?p=895,2026-08-13
901,https://www.tsujileaks.com/?p=901,2026-08-13
915,https://www.tsujileaks.com/?p=915,2026-08-13
921,https://www.tsujileaks.com/?p=921,2026-08-13
928,https://www.tsujileaks.com/?p=928,2026-08-13
932,https://www.tsujileaks.com/?p=932,2026-08-13
938,https://www.tsujileaks.com/?p=938,2026-08-13
949,https://www.tsujileaks.com/?p=949,2026-08-13
957,https://www.tsujileaks.com/?p=957,2026-08-13
962,https://www.tsujileaks.com/?p=962,2026-08-13
972,https://www.tsujileaks.com/?p=972,2026-08-13
975,https://www.tsujileaks.com/?p=975,2026-08-13
981,https://www.tsujileaks.com/?p=981,2026-08-13
993,https://www.tsujileaks.com/?p=993,2026-08-13
999,https://www.tsujileaks.com/?p=999,2026-08-13
1003,https://www.tsujileaks.com/?p=1003,2026-08-13
1010,https://www.tsujileaks.com/?p=1010,2026-08-13
1017,https://www.tsujileaks.com/?p=1017,2026-08-13
1021,https://www.tsujileaks.com/?p=1021,2026-08-13
1026,https://www.tsujileaks.com/?p=1026,2026-08-13
1029,https://www.tsujileaks.com/?p=1029,2026-08-13
1035,https://www.tsujileaks.com/?p=1035,2026-08-13
1043,https://www.tsujileaks.com/?p=1043,2026-08-13
1050,https://www.tsujileaks.com/?p=1050,2026-08-13
1058,https://www.tsujileaks.com/?p=1058,2026-08-13
1064,https://www.tsujileaks.com/?p=1064,2026-08-13
1069,https://www.tsujileaks.com/?p=1069,2026-08-13
1073,https://www.tsujileaks.com/?p=1073,2026-08-13
1077,https://www.tsujileaks.com/?p=1077,2026-08-13
1084,https://www.tsujileaks.com/?p=1084,2026-08-13
1094,https://www.tsujileaks.com/?p=1094,2026-08-13
1099,https://www.tsujileaks.com/?p=1099,2026-08-13
1105,https://www.tsujileaks.com/?p=1105,2026-08-13
1111,https://www.tsujileaks.com/?p=1111,2026-08-13
1115,https://www.tsujileaks.com/?p=1115,2026-08-13
1120,https://www.tsujileaks.com/?p=1120,2026-08-13
1125,http://www.tsujileaks.com/?p=1125,2026-08-13
1137,http://www.tsujileaks.com/?p=1137,2026-08-13
1148,https://www.tsujileaks.com/?p=1148,2026-08-13
1156,https://www.tsujileaks.com/?p=1156,2026-08-13
1161,https://www.tsujileaks.com/?p=1161,2026-08-13
1169,https://www.tsujileaks.com/?p=1169,2026-08-13
1178,https://www.tsujileaks.com/?p=1178,2026-08-13
1183,https://www.tsujileaks.com/?p=1183,2026-08-13
1189,https://www.tsujileaks.com/?p=1189,2026-08-13
1196,https://www.tsujileaks.com/?p=1196,2026-08-13
1201,https://www.tsujileaks.com/?p=1201,2026-08-13
1205,https://www.tsujileaks.com/?p=1205,2026-08-13
1211,https://www.tsujileaks.com/?p=1211,2026-08-13
1216,https://www.tsujileaks.com/?p=1216,2026-08-13
1221,https://www.tsujileaks.com/?p=1221,2026-08-13
1226,https://www.tsujileaks.com/?p=1226,2026-08-13
1232,https://www.tsujileaks.com/?p=1232,2026-08-13
1237,https://www.tsujileaks.com/?p=1237,2026-08-13
1243,https://www.tsujileaks.com/?p=1243,2026-08-13
1248,https://www.tsujileaks.com/?p=1248,2026-08-13
1254,https://www.tsujileaks.com/?p=1254,2026-08-13
1261,https://www.tsujileaks.com/?p=1261,2026-08-13
1265,https://www.tsujileaks.com/?p=1265,2026-08-13
1271,https://www.tsujileaks.com/?p=1271,2026-08-13
1276,https://www.tsujileaks.com/?p=1276,2026-08-13
1287,https://www.tsujileaks.com/?p=1287,2026-08-13
1296,https://www.tsujileaks.com/?p=1296,2026-08-13
1303,https://www.tsujileaks.com/?p=1303,2026-08-13
1308,https://www.tsujileaks.com/?p=1308,2026-08-13
1314,https://www.tsujileaks.com/?p=1314,2026-08-13
1321,https://www.tsujileaks.com/?p=1321,2026-08-13
1325,https://www.tsujileaks.com/?p=1325,2026-08-13
1330,https://www.tsujileaks.com/?p=1330,2026-08-13
1337,https://www.tsujileaks.com/?p=1337,2026-08-13
1342,https://www.tsujileaks.com/?p=1342,2026-08-13
1347,https://www.tsujileaks.com/?p=1347,2026-08-13
1352,https://www.tsujileaks.com/?p=1352,2026-08-13
1358,https://www.tsujileaks.com/?p=1358,2026-08-13
1364,https://www.tsujileaks.com/?p=1364,2026-08-13
1368,https://www.tsujileaks.com/?p=1368,2026-08-13
1374,https://www.tsujileaks.com/?p=1374,2026-08-13
1381,https://www.tsujileaks.com/?p=1381,2026-08-13
1389,https://www.tsujileaks.com/?p=1389,2026-08-13
1400,http://www.tsujileaks.com/?p=1400,2026-08-13
1404,https://www.tsujileaks.com/?p=1404,2026-08-13
1410,https://www.tsujileaks.com/?p=1410,2026-08-13
1420,https://www.tsujileaks.com/?p=1420,2026-08-13
1427,https://www.tsujileaks.com/?p=1427,2026-08-13
1437,https://www.tsujileaks.com/?p=1437,2026-08-13
1443,https://www.tsujileaks.com/?p=1443,2026-08-13
1448,http://www.tsujileaks.com/?p=1448,2026-08-13
1453,https://www.tsujileaks.com/?p=1453,2026-08-13
1461,http://www.tsujileaks.com/?p=1461,2026-08-13
1471,https://www.tsujileaks.com/?p=1471,2026-08-13
1474,https://www.tsujileaks.com/?p=1474,2026-08-13
1481,https://www.tsujileaks.com/?p=1481,2026-08-13
1486,https://www.tsujileaks.com/?p=1486,2026-08-13
1492,https://www.tsujileaks.com/?p=1492,2026-08-13
1495,https://www.tsujileaks.com/?p=1495,2026-08-13
1505,https://www.tsujileaks.com/?p=1505,2026-08-13
1514,https://www.tsujileaks.com/?p=1514,2026-08-13
1530,https://www.tsujileaks.com/?p=1530,2026-08-13
1535,https://www.tsujileaks.com/?p=1535,2026-08-13
1543,https://www.tsujileaks.com/?p=1543,2026-08-13
1550,https://www.tsujileaks.com/?p=1550,2026-08-13
1556,https://www.tsujileaks.com/?p=1556,2026-08-13
1565,https://www.tsujileaks.com/?p=1565,2026-08-13
1569,http://www.tsujileaks.com/?p=1569,2026-08-13
1576,https://www.tsujileaks.com/?p=1576,2026-08-13
1582,https://www.tsujileaks.com/?p=1582,2026-08-13
1587,http://www.tsujileaks.com/?p=1587,2026-08-13
1591,https://www.tsujileaks.com/?p=1591,2026-08-13
1595,https://www.tsujileaks.com/?p=1595,2026-08-13
1600,https://www.tsujileaks.com/?p=1600,2026-08-13
1606,https://www.tsujileaks.com/?p=1606,2026-08-13
1610,https://www.tsujileaks.com/?p=1610,2026-08-13
1616,https://www.tsujileaks.com/?p=1616,2026-08-13
1622,https://www.tsujileaks.com/?p=1622,2026-08-13
1626,https://www.tsujileaks.com/?p=1626,2026-08-13
1635,https://www.tsujileaks.com/?p=1635,2026-08-13
1639,https://www.tsujileaks.com/?p=1639,2026-08-13
1643,https://www.tsujileaks.com/?p=1643,2026-08-13
1649,https://www.tsujileaks.com/?p=1649,2026-08-13
1655,https://www.tsujileaks.com/?p=1655,2026-08-13
1659,https://www.tsujileaks.com/?p=1659,2026-08-13
1665,https://www.tsujileaks.com/?p=1665,2026-08-13
1672,https://www.tsujileaks.com/?p=1672,2026-08-13
1680,https://www.tsujileaks.com/?p=1680,2026-08-13
1686,https://www.tsujileaks.com/?p=1686,2026-08-13
1691,https://www.tsujileaks.com/?p=1691,2026-08-13
1700,https://www.tsujileaks.com/?p=1700,2026-08-13
1707,https://www.tsujileaks.com/?p=1707,2026-08-13
1714,https://www.tsujileaks.com/?p=1714,2026-08-13
1717,https://www.tsujileaks.com/?p=1717,2026-08-13
1727,https://www.tsujileaks.com/?p=1727,2026-08-13
1733,https://www.tsujileaks.com/?p=1733,2026-08-13
1739,https://www.tsujileaks.com/?p=1739,2026-08-13
1745,https://www.tsujileaks.com/?p=1745,2026-08-13
1750,https://www.tsujileaks.com/?p=1750,2026-08-13
1757,https://www.tsujileaks.com/?p=1757,2026-08-13
1765,https://www.tsujileaks.com/?p=1765,2026-08-13
1768,https://www.tsujileaks.com/?p=1768,2026-08-13
1774,https://www.tsujileaks.com/?p=1774,2026-08-13
1779,https://www.tsujileaks.com/?p=1779,2026-08-13
1786,https://www.tsujileaks.com/?p=1786,2026-08-13
1789,https://www.tsujileaks.com/?p=1789,2026-08-13
1798,https://www.tsujileaks.com/?p=1798,2026-08-13
1808,https://www.tsujileaks.com/?p=1808,2026-08-13
1816,https://www.tsujileaks.com/?p=1816,2026-08-13
1822,https://www.tsujileaks.com/?p=1822,2026-08-13
1829,https://www.tsujileaks.com/?p=1829,2026-08-13
1836,https://www.tsujileaks.com/?p=1836,2026-08-13
1842,https://www.tsujileaks.com/?p=1842,2026-08-13
1845,https://www.tsujileaks.com/?p=1845,2026-08-13
1850,https://www.tsujileaks.com/?p=1850,2026-08-13
1857,https://www.tsujileaks.com/?p=1857,2026-08-13
1863,https://www.tsujileaks.com/?p=1863,2026-08-13
1870,https://www.tsujileaks.com/?p=1870,2026-08-13
1876,https://www.tsujileaks.com/?p=1876,2026-08-13
1881,https://www.tsujileaks.com/?p=1881,2026-08-13
1887,https://www.tsujileaks.com/?p=1887,2026-08-13
1893,https://www.tsujileaks.com/?p=1893,2026-08-13
1898,https://www.tsujileaks.com/?p=1898,2026-08-13
1903,https://www.tsujileaks.com/?p=1903,2026-08-13
1912,https://www.tsujileaks.com/?p=1912,2026-08-13
1920,https://www.tsujileaks.com/?p=1920,2026-08-13
1925,https://www.tsujileaks.com/?p=1925,2026-08-13
1930,https://www.tsujileaks.com/?p=1930,2026-08-13
1937,https://www.tsujileaks.com/?p=1937,2026-08-13
1941,https://www.tsujileaks.com/?p=1941,2026-08-13
1949,https://www.tsujileaks.com/?p=1949,2026-08-13
1958,https://www.tsujileaks.com/?p=1958,2026-08-13
1963,https://www.tsujileaks.com/?p=1963,2026-08-13
1972,https://www.tsujileaks.com/?p=1972,2026-08-13
1979,https://www.tsujileaks.com/?p=1979,2026-08-13
1984,https://www.tsujileaks.com/?p=1984,2026-08-13
1991,https://www.tsujileaks.com/?p=1991,2026-08-13
1998,https://www.tsujileaks.com/?p=1998,2026-08-13
2005,https://www.tsujileaks.com/?p=2005,2026-08-13
2011,https://www.tsujileaks.com/?p=2011,2026-08-13
2015,https://www.tsujileaks.com/?p=2015,2026-08-13
2021,https://www.tsujileaks.com/?p=2021,2026-08-13
2031,https://www.tsujileaks.com/?p=2031,2026-08-13
2037,https://www.tsujileaks.com/?p=2037,2026-08-13
2040,https://www.tsujileaks.com/?p=2040,2026-08-13
2044,https://www.tsujileaks.com/?p=2044,2026-08-13
2048,https://www.tsujileaks.com/?p=2048,2026-08-13
2052,https://www.tsujileaks.com/?p=2052,2026-08-13
2056,https://www.tsujileaks.com/?p=2056,2026-08-13
2061,https://www.tsujileaks.com/?p=2061,2026-08-13
2070,https://www.tsujileaks.com/?p=2070,2026-08-13
2076,https://www.tsujileaks.com/?p=2076,2026-08-13
2081,https://www.tsujileaks.com/?p=2081,2026-08-13
2087,https://www.tsujileaks.com/?p=2087,2026-08-13
2091,https://www.tsujileaks.com/?p=2091,2026-08-13
2098,https://www.tsujileaks.com/?p=2098,2026-08-13
2107,https://www.tsujileaks.com/?p=2107,2026-08-13
2112,https://www.tsujileaks.com/?p=2112,2026-08-13
2117,https://www.tsujileaks.com/?p=2117,2026-08-13
2122,https://www.tsujileaks.com/?p=2122,2026-08-13
2127,https://www.tsujileaks.com/?p=2127,2026-08-13
2131,https://www.tsujileaks.com/?p=2131,2026-08-13
2137,https://www.tsujileaks.com/?p=2137,2026-08-13
2146,https://www.tsujileaks.com/?p=2146,2026-08-13
2152,https://www.tsujileaks.com/?p=2152,2026-08-13
2162,https://www.tsujileaks.com/?p=2162,2026-08-13
2167,https://www.tsujileaks.com/?p=2167,2026-08-13
2172,https://www.tsujileaks.com/?p=2172,2026-08-13
2178,https://www.tsujileaks.com/?p=2178,2026-08-13
2186,https://www.tsujileaks.com/?p=2186,2026-08-13
2194,https://www.tsujileaks.com/?p=2194,2026-08-13
2200,https://www.tsujileaks.com/?p=2200,2026-08-13
2208,https://www.tsujileaks.com/?p=2208,2026-08-13
2217,https://www.tsujileaks.com/?p=2217,2026-08-13
2225,https://www.tsujileaks.com/?p=2225,2026-08-13
2230,https://www.tsujileaks.com/?p=2230,2026-08-13
2240,https://www.tsujileaks.com/?p=2240,2026-08-13
2244,https://www.tsujileaks.com/?p=2244,2026-08-13
2251,https://www.tsujileaks.com/?p=2251,2026-08-13
2261,https://www.tsujileaks.com/?p=2261,2026-08-13
2269,https://www.tsujileaks.com/?p=2269,2026-08-13
2281,https://www.tsujileaks.com/?p=2281,2026-08-13
2286,https://www.tsujileaks.com/?p=2286,2026-08-13
2292,https://www.tsujileaks.com/?p=2292,2026-08-13
2299,https://www.tsujileaks.com/?p=2299,2026-08-13
2306,https://www.tsujileaks.com/?p=2306,2026-08-13
2313,https://www.tsujileaks.com/?p=2313,2026-08-13
2318,https://www.tsujileaks.com/?p=2318,2026-08-13
2323,https://www.tsujileaks.com/?p=2323,2026-08-13
2331,https://www.tsujileaks.com/?p=2331,2026-08-13
2336,https://www.tsujileaks.com/?p=2336,2026-08-13
2343,https://www.tsujileaks.com/?p=2343,2026-08-13
2351,https://www.tsujileaks.com/?p=2351,2026-08-13
2358,https://www.tsujileaks.com/?p=2358,2026-08-18
